Landing time (s),X,Y,VX,VY
2.63778E7,8.371683356203552E7,-1.2656534981715786E8,24.435089541574317,16.294233735129236