Landing time (s),X,Y,VX,VY
2.63778E7,4.577507157616214E7,-9.759534033419605E7,31.75307290157924,14.940873966192205